{
  "success": true,
  "horizons_analyzed": 3,
  "attributes_extracted": 2,
  "total_prospects": 0,
  "mode": "fixed_slices",
  "horizon_stats": {
    "Top_Fika_Shale": {
      "envelope": {
        "mean": 0.5003459270596464,
        "std": 0.28892815510861947,
        "min": 3.1006902645458467e-06,
        "max": 0.9999973177909851,
        "p10": 0.09983341991901398,
        "p50": 0.500821053981781,
        "p90": 0.9000904440879822
      },
      "frequency": {
        "mean": 0.49977359763878304,
        "std": 0.28880471896231574,
        "min": 3.219452310077031e-06,
        "max": 0.9999999403953552,
        "p10": 0.1004667028784752,
        "p50": 0.499366894364357,
        "p90": 0.8996229410171509
      }
    },
    "Top_Gongila": {
      "envelope": {
        "mean": 0.49943759185054215,
        "std": 0.2891272899169608,
        "min": 3.0381744409169187e-07,
        "max": 0.9999889135360718,
        "p10": 0.09874223917722702,
        "p50": 0.4992339313030243,
        "p90": 0.8994174480438233
      },
      "frequency": {
        "mean": 0.5000745548303998,
        "std": 0.28819848174017504,
        "min": 4.797818746737903e-06,
        "max": 1.0,
        "p10": 0.10093290433287622,
        "p50": 0.4999873787164688,
        "p90": 0.8998354911804199
      }
    },
    "Top_Bima": {
      "envelope": {
        "mean": 0.4996800418270072,
        "std": 0.28844298286117576,
        "min": 1.6989959476632066e-05,
        "max": 0.9999998807907104,
        "p10": 0.09981734231114389,
        "p50": 0.4992652088403702,
        "p90": 0.8999198734760284
      },
      "frequency": {
        "mean": 0.49870179345486954,
        "std": 0.28877311497506775,
        "min": 7.594774729113851e-07,
        "max": 0.9999920725822449,
        "p10": 0.09891197681427003,
        "p50": 0.4981561303138733,
        "p90": 0.90006884932518
      }
    }
  },
  "dhi_counts": {
    "Top_Fika_Shale": {
      "high_amplitude": 38453,
      "low_frequency": 250000
    },
    "Top_Gongila": {
      "high_amplitude": 38326,
      "low_frequency": 250000
    },
    "Top_Bima": {
      "high_amplitude": 38221,
      "low_frequency": 250000
    }
  },
  "prospects": {},
  "correlations": {
    "Top_Fika_Shale": {
      "envelope_vs_porosity": {
        "r": 0.12016561304279852,
        "p": 0.8473694045499238,
        "significant": false
      },
      "frequency_vs_porosity": {
        "r": -0.10540101741239025,
        "p": 0.8660481533495714,
        "significant": false
      }
    },
    "Top_Gongila": {
      "envelope_vs_porosity": {
        "r": 0.7409465089298058,
        "p": 0.15197681023543397,
        "significant": false
      },
      "frequency_vs_porosity": {
        "r": 0.6241081164573224,
        "p": 0.26048406618093206,
        "significant": false
      }
    },
    "Top_Bima": {
      "envelope_vs_porosity": {
        "r": -0.39050140490953233,
        "p": 0.5157407300892303,
        "significant": false
      },
      "frequency_vs_porosity": {
        "r": 0.39188574002498977,
        "p": 0.5141186036556272,
        "significant": false
      }
    }
  },
  "well_attributes": {
    "Top_Fika_Shale": [
      {
        "well": "HERWA-01",
        "inline": 250,
        "xline": 175,
        "porosity": 21.3,
        "Sh": 65.6,
        "quality": "Excellent",
        "envelope": 0.17368437349796295,
        "frequency": 0.868773877620697
      },
      {
        "well": "MASU-1",
        "inline": 180,
        "xline": 145,
        "porosity": 22.9,
        "Sh": 62.3,
        "quality": "Excellent",
        "envelope": 0.21712413430213928,
        "frequency": 0.4518457055091858
      },
      {
        "well": "KASADE-01",
        "inline": 220,
        "xline": 165,
        "porosity": 20.4,
        "Sh": 66.2,
        "quality": "Good",
        "envelope": 0.8266553282737732,
        "frequency": 0.6893219351768494
      },
      {
        "well": "NGAMMA-EAST-1",
        "inline": 160,
        "xline": 120,
        "porosity": 16.1,
        "Sh": 65.2,
        "quality": "Fair",
        "envelope": 0.19752082228660583,
        "frequency": 0.36830613017082214
      },
      {
        "well": "BULTE-1",
        "inline": 240,
        "xline": 180,
        "porosity": 23.0,
        "Sh": 66.5,
        "quality": "Excellent",
        "envelope": 0.44496843218803406,
        "frequency": 0.04762471094727516
      }
    ],
    "Top_Gongila": [
      {
        "well": "HERWA-01",
        "inline": 250,
        "xline": 175,
        "porosity": 21.3,
        "Sh": 65.6,
        "quality": "Excellent",
        "envelope": 0.5075439214706421,
        "frequency": 0.6189665794372559
      },
      {
        "well": "MASU-1",
        "inline": 180,
        "xline": 145,
        "porosity": 22.9,
        "Sh": 62.3,
        "quality": "Excellent",
        "envelope": 0.9957118034362793,
        "frequency": 0.9897404909133911
      },
      {
        "well": "KASADE-01",
        "inline": 220,
        "xline": 165,
        "porosity": 20.4,
        "Sh": 66.2,
        "quality": "Good",
        "envelope": 0.082583948969841,
        "frequency": 0.8484453558921814
      },
      {
        "well": "NGAMMA-EAST-1",
        "inline": 160,
        "xline": 120,
        "porosity": 16.1,
        "Sh": 65.2,
        "quality": "Fair",
        "envelope": 0.20105819404125214,
        "frequency": 0.05629414692521095
      },
      {
        "well": "BULTE-1",
        "inline": 240,
        "xline": 180,
        "porosity": 23.0,
        "Sh": 66.5,
        "quality": "Excellent",
        "envelope": 0.7359381914138794,
        "frequency": 0.3274230360984802
      }
    ],
    "Top_Bima": [
      {
        "well": "HERWA-01",
        "inline": 250,
        "xline": 175,
        "porosity": 21.3,
        "Sh": 65.6,
        "quality": "Excellent",
        "envelope": 0.6647350788116455,
        "frequency": 0.6364617943763733
      },
      {
        "well": "MASU-1",
        "inline": 180,
        "xline": 145,
        "porosity": 22.9,
        "Sh": 62.3,
        "quality": "Excellent",
        "envelope": 0.27461668848991394,
        "frequency": 0.7093881964683533
      },
      {
        "well": "KASADE-01",
        "inline": 220,
        "xline": 165,
        "porosity": 20.4,
        "Sh": 66.2,
        "quality": "Good",
        "envelope": 0.1443314403295517,
        "frequency": 0.6688804030418396
      },
      {
        "well": "NGAMMA-EAST-1",
        "inline": 160,
        "xline": 120,
        "porosity": 16.1,
        "Sh": 65.2,
        "quality": "Fair",
        "envelope": 0.8736929297447205,
        "frequency": 0.15007048845291138
      },
      {
        "well": "BULTE-1",
        "inline": 240,
        "xline": 180,
        "porosity": 23.0,
        "Sh": 66.5,
        "quality": "Excellent",
        "envelope": 0.7682336568832397,
        "frequency": 0.1391812264919281
      }
    ]
  },
  "output_files": [
    "C:\\Users\\moses\\Documents\\PHD REVIEW\\outputs\\attributes\\statistics.json",
    "C:\\Users\\moses\\Documents\\PHD REVIEW\\outputs\\attributes\\correlations.json",
    "C:\\Users\\moses\\Documents\\PHD REVIEW\\outputs\\attributes\\analysis_report.txt"
  ],
  "processing_time_seconds": 8.366079,
  "memory_used_mb": 6.0,
  "timestamp": "2026-02-10T03:58:59.675218",
  "config_used": {
    "base_dir": "C:\\Users\\moses\\Documents\\PHD REVIEW\\outputs\\eda",
    "output_dir": "C:\\Users\\moses\\Documents\\PHD REVIEW\\outputs\\attributes",
    "attribute_files": {},
    "horizon_files": {},
    "fixed_time_slices": {
      "Top_Fika_Shale": 2000,
      "Top_Gongila": 2800,
      "Top_Bima": 3500
    },
    "wells": [
      {
        "name": "HERWA-01",
        "inline": 250,
        "xline": 175,
        "porosity": 21.3,
        "Sh": 65.6,
        "quality": "Excellent"
      },
      {
        "name": "MASU-1",
        "inline": 180,
        "xline": 145,
        "porosity": 22.9,
        "Sh": 62.3,