{
  "Top_Fika_Shale": {
    "envelope_vs_porosity": {
      "r": 0.12016561304279852,
      "p": 0.8473694045499238,
      "significant": false
    },
    "frequency_vs_porosity": {
      "r": -0.10540101741239025,
      "p": 0.8660481533495714,
      "significant": false
    }
  },
  "Top_Gongila": {
    "envelope_vs_porosity": {
      "r": 0.7409465089298058,
      "p": 0.15197681023543397,
      "significant": false
    },
    "frequency_vs_porosity": {
      "r": 0.6241081164573224,
      "p": 0.26048406618093206,
      "significant": false
    }
  },
  "Top_Bima": {
    "envelope_vs_porosity": {
      "r": -0.39050140490953233,
      "p": 0.5157407300892303,
      "significant": false
    },
    "frequency_vs_porosity": {
      "r": 0.39188574002498977,
      "p": 0.5141186036556272,
      "significant": false
    }
  }
}