{
  "Top_Fika_Shale": {
    "envelope": {
      "mean": 0.5003459270596464,
      "std": 0.28892815510861947,
      "min": 3.1006902645458467e-06,
      "max": 0.9999973177909851,
      "p10": 0.09983341991901398,
      "p50": 0.500821053981781,
      "p90": 0.9000904440879822
    },
    "frequency": {
      "mean": 0.49977359763878304,
      "std": 0.28880471896231574,
      "min": 3.219452310077031e-06,
      "max": 0.9999999403953552,
      "p10": 0.1004667028784752,
      "p50": 0.499366894364357,
      "p90": 0.8996229410171509
    }
  },
  "Top_Gongila": {
    "envelope": {
      "mean": 0.49943759185054215,
      "std": 0.2891272899169608,
      "min": 3.0381744409169187e-07,
      "max": 0.9999889135360718,
      "p10": 0.09874223917722702,
      "p50": 0.4992339313030243,
      "p90": 0.8994174480438233
    },
    "frequency": {
      "mean": 0.5000745548303998,
      "std": 0.28819848174017504,
      "min": 4.797818746737903e-06,
      "max": 1.0,
      "p10": 0.10093290433287622,
      "p50": 0.4999873787164688,
      "p90": 0.8998354911804199
    }
  },
  "Top_Bima": {
    "envelope": {
      "mean": 0.4996800418270072,
      "std": 0.28844298286117576,
      "min": 1.6989959476632066e-05,
      "max": 0.9999998807907104,
      "p10": 0.09981734231114389,
      "p50": 0.4992652088403702,
      "p90": 0.8999198734760284
    },
    "frequency": {
      "mean": 0.49870179345486954,
      "std": 0.28877311497506775,
      "min": 7.594774729113851e-07,
      "max": 0.9999920725822449,
      "p10": 0.09891197681427003,
      "p50": 0.4981561303138733,
      "p90": 0.90006884932518
    }
  }
}