{
  "timestamp": "2026-02-08T17:33:43.804531",
  "version": "5.0",
  "processing_time_seconds": 26316.952374,
  "input_file": "C:\\Users\\moses\\OneDrive\\Documents\\PHD DATA\\2D Bornu Chad\\PhD\\Seismic\\3D\\3D Bornu Chad",
  "output_file": "C:\\Users\\moses\\OneDrive\\Documents\\PHD REVIEW\\outputs\\3D Bornu Chad_AGC.segy",
  "basin": "Study Area",
  "pre_agc": {
    "rms_vs_time": [
      2344.67578125,
      3718.19775390625,
      3282.811767578125,
      3581.57666015625,
      3439.42822265625,
      3262.439697265625,
      3248.144287109375,
      3145.706298828125,
      3517.2900390625,
      3270.140625,
      3304.541015625,
      3315.525146484375,
      3284.631103515625,
      3260.06201171875,
      3330.23193359375,
      3244.62353515625,
      3358.05126953125,
      3578.771728515625,
      3680.345458984375,
      2002.4853515625
    ],
    "time_centers": [
      200.0,
      600.0,
      1000.0,
      1400.0,
      1800.0,
      2200.0,
      2600.0,
      3000.0,
      3400.0,
      3800.0,
      4200.0,
      4600.0,
      5000.0,
      5400.0,
      5800.0,
      6200.0,
      6600.0,
      7000.0,
      7400.0,
      7800.0
    ],
    "decay_rate": -2.5286444698471614e-06,
    "decay_rate_standard": 5.818866249313845e-06,
    "ransac_inlier_pct": 55.0,
    "decay_half_time_ms": 0,
    "amplitude": {
      "mean": 2267.29541015625,
      "std": 3281.692626953125,
      "skewness": 0.016429411247372627,
      "kurtosis": 1.2446093559265137,
      "dynamic_range_db": 19.8913516998291
    },
    "rms_ratio_deep_shallow": 0.8540564179420471,
    "snr_vs_depth": [
      4.455381393432617,
      4.7421674728393555,
      5.012325286865234,
      6.10316801071167,
      8.4298095703125,
      10.096196174621582,
      10.328978538513184,
      10.408797264099121,
      9.7040433883667,
      8.622244834899902,
      8.26678466796875,
      7.947640419006348,
      7.709776878356934,
      7.557003021240234,
      7.422306537628174,
      7.280986309051514,
      7.3268585205078125,
      7.272482872009277,
      7.180662631988525,
      7.144217014312744
    ],
    "freq_vs_depth": [
      17.5,
      20.0,
      12.5,
      20.0,
      10.0,
      7.5,
      12.5,
      10.0,
      10.0,
      15.0
    ],
    "agc_necessity": "LOW",
    "agc_necessity_description": "<30% amplitude decay",
    "samples_analyzed": 1000
  },
  "formation_analysis": {
    "Formation_A": {
      "depth_range_ms": [
        0,
        800
      ],
      "rms": 3108.2548828125,
      "snr_db": 4.655618667602539
    },
    "Formation_B": {
      "depth_range_ms": [
        800,
        2400
      ],
      "rms": 3394.028564453125,
      "snr_db": 6.953146934509277
    },
    "Formation_C": {
      "depth_range_ms": [
        2400,
        4000
      ],
      "rms": 3298.1455078125,
      "snr_db": 9.69139289855957
    },
    "Formation_D": {
      "depth_range_ms": [
        4000,
        8000
      ],
      "rms": 3264.759033203125,
      "snr_db": 7.505093574523926
    }
  },
  "method_applied": {
    "method": "hybrid_agc",
    "parameters": {
      "mild_factor": 0.7,
      "preserve_depth_ms": 800
    },
    "description": "Exponential + Mild Adaptive + Shallow Preservation",
    "output_file": "C:\\Users\\moses\\OneDrive\\Documents\\PHD REVIEW\\outputs\\3D Bornu Chad_AGC.segy"
  },
  "validation": {
    "rms_balance": {
      "cv_before": 0.12166716903448105,
      "cv_after": 0.5648979544639587,
      "cv_improvement_pct": -364.2977600097656,
      "quality": "MODERATE"
    },
    "frequency": {
      "dom_freq_orig_hz": 11.11944027986007,
      "dom_freq_agc_hz": 14.24287856071964,
      "freq_shift_hz": 3.1234382808595704,
      "spectral_correlation": 0.9611505083939054,
      "quality": "GOOD"
    },
    "snr": {
      "before_db": 7.3665385246276855,
      "after_db": 5.7469072341918945,
      "change_db": -1.619631290435791
    },
    "amplitude": {
      "mean_correlation": NaN,
      "quality": "GOOD"
    },
    "samples_validated": 1000
  },
  "quality": {
    "passed": false,
    "issues": [
      "RMS balance degraded"
    ],
    "cv_improvement_pct": -364.2977600097656
  },
  "recommendations": [],
  "warnings": [
    "AGC may have over-corrected - consider milder settings"
  ],
  "output_files": {
    "agc_segy": "C:\\Users\\moses\\OneDrive\\Documents\\PHD REVIEW\\outputs\\3D Bornu Chad_AGC.segy",
    "figures": [
      "C:\\Users\\moses\\OneDrive\\Documents\\PHD REVIEW\\outputs\\figures\\agc_comparison.png",
      "C:\\Users\\moses\\OneDrive\\Documents\\PHD REVIEW\\outputs\\figures\\rms_comparison.png"
    ]
  }
}