{
  "Horizon_A": {
    "envelope": {
      "mean": 5.792261745191873,
      "std": 103.01544980256875,
      "min": 0.0,
      "max": 4298.59423828125,
      "p10": 0.0,
      "p50": 0.0,
      "p90": 0.0
    },
    "frequency": {
      "mean": 0.053069813245489636,
      "std": 0.9216175701446092,
      "min": 0.0,
      "max": 117.26311492919922,
      "p10": 0.0,
      "p50": 0.0,
      "p90": 0.0
    }
  },
  "Horizon_B": {
    "envelope": {
      "mean": 5.649847212670171,
      "std": 100.94358048757292,
      "min": 0.0,
      "max": 5645.7939453125,
      "p10": 0.0,
      "p50": 0.0,
      "p90": 0.0
    },
    "frequency": {
      "mean": 0.04761092696568226,
      "std": 0.8192696099253222,
      "min": 0.0,
      "max": 112.45709228515625,
      "p10": 0.0,
      "p50": 0.0,
      "p90": 0.0
    }
  },
  "Horizon_C": {
    "envelope": {
      "mean": 5.81145714197621,
      "std": 102.99714803703523,
      "min": 0.0,
      "max": 5093.0810546875,
      "p10": 0.0,
      "p50": 0.0,
      "p90": 0.0
    },
    "frequency": {
      "mean": 0.0539809823366095,
      "std": 0.910425600691099,
      "min": 0.0,
      "max": 114.57839965820312,
      "p10": 0.0,
      "p50": 0.0,
      "p90": 0.0
    }
  }
}